<?xml version="1.0" encoding="utf-8"?>
<odoo>
    <record id="res_config_settings_view_form_google_tag_picker" model="ir.ui.view">
        <field name="name">res.config.settings.view.form.inherit.google.tag</field>
        <field name="model">res.config.settings</field>
        <field name="priority" eval="90"/>
        <field name="inherit_id" ref="website.res_config_settings_view_form"/>
            <field name="arch" type="xml">
                <xpath expr="//div[@id='google_analytics_setting']" position="after">
                    <div class="col-12 col-lg-6 o_setting_box">
                        <div class="o_setting_left_pane">
                            <field name="google_tags_manager_enable"/>
                        </div>

                        <div class="o_setting_right_pane">
                            <p class="o_form_label">Google Tag Manager</p>
                            <div attrs="{'invisible': [('google_tags_manager_enable', '=', False)]}">
                                <div class="content-group mt16">
                                    <label for="google_tags_manager_key" class="o_light_label"/>
                                    <field name="google_tags_manager_key" attrs="{'required': [('google_tags_manager_enable', '=', True)]}" placeholder="GTM-XXXX"/>
                                </div>                    

                                <div class="text-muted">
                                    <div>
                                        <a href="https://tagmanager.google.com/#/home" class="oe_link" target="_blank">
                                            <i class="fa fa-arrow-right"></i> Create Google Tag Manager Key from your Google Account
                                        </a>
                                    </div>
                                    <div>
                                        <a href="https://youtu.be/5bMVc9cBZpU" class="oe_link" target="_blank">
                                            <i class="fa fa-arrow-right"></i> Youtube Tutorial
                                        </a>
                                    </div>
                                </div>

                            </div>
                        </div>

                    </div>
                </xpath> 
        </field>
    </record>
</odoo>
